相对路径,汉字数,是否计入有效样本,提取状态
2005\A\优秀论文\基于回归分析的长江水质预测与控制.pdf,3961,是,cache
2005\A\优秀论文\水质的评价和预测模型.pdf,4178,是,cache
2005\A\优秀论文\长江水质的评价和预测.pdf,5669,是,cache
2005\A\优秀论文\长江水质的评价和预测的论文.doc,6752,是,cache
2005\A\优秀论文\长江水质的评价预测模型.pdf,3268,是,cache
2005\A\优秀论文\长江水质的评价预测模型及其实用性研究.pdf,3426,是,cache
2005\A\优秀论文\长江水质综合评价与预测的数学模型.pdf,10207,是,cache
2005\A\优秀论文\长江水质评价和预测研究.pdf,3723,是,cache
2005\B\优秀论文\2005年B_D题DVD在线租赁问题.pdf,3404,是,cache
2005\B\优秀论文\2005年B_D题DVD在线租赁问题研究.pdf,1964,否,cache
2005\B\优秀论文\c05B1lzx-李蓬蓬、朱小满、解炜，指导教师组.pdf,9728,是,cache
2005\B\优秀论文\DVD租赁优化方案(特等奖文章).doc,7851,是,cache
2006\A\优秀论文\2006全国大学生数学建模竞赛A题论文.doc,11255,是,cache
2006\A\优秀论文\艾滋病疗法的评价及疗效的预测.doc,10468,是,cache
2006\A\优秀论文\艾滋病疗法评价及疗效预测.doc,13331,是,cache
2006\A\优秀论文\艾滋病疗法评价及疗效预测的优化模型.doc,13529,是,cache
2006\B\优秀论文\B题.doc,778,否,cache
2006\B\优秀论文\投资的收益和风险问题.doc,1168,否,cache
2007\A\优秀论文\cumcm0702.pdf,8709,是,cache
2007\A\优秀论文\cumcm0705.pdf,5246,是,cache
2007\A\优秀论文\cumcm0707.pdf,4124,是,cache
2007\A\优秀论文\cumcm0715.pdf,9363,是,cache
2007\A\优秀论文\cumcm0729.pdf,7546,是,cache
2007\A\优秀论文\cumcm0730.pdf,8224,是,cache
2007\A\优秀论文\cumcm0735.pdf,10703,是,cache
2007\B\优秀论文\C07B1gcy.pdf,10505,是,cache
2007\B\优秀论文\C07B1pcw.pdf,15507,是,cache
2007\B\优秀论文\C07B1wox.pdf,8434,是,cache
2007\B\优秀论文\cumcm0704.pdf,9254,是,cache
2007\B\优秀论文\cumcm0708.pdf,9454,是,cache
2007\B\优秀论文\cumcm0732.pdf,5271,是,cache
2007\B\优秀论文\cumcm0737.pdf,7239,是,cache
2007\B\优秀论文\cumcm0740.pdf,7208,是,cache
2007\B\优秀论文\cumcm0746.pdf,9299,是,cache
2007\B\优秀论文\cumcm0753.pdf,8936,是,cache
2007\B\优秀论文\cumcm0754.pdf,10128,是,cache
2008\A\优秀论文\A2008.doc,838,否,cache
2008\A\优秀论文\数码相机定位.pdf,10516,是,cache
2008\B\优秀论文\1910.pdf,16363,是,cache
2008\B\优秀论文\B1919（陈寅）[1]...pdf,14956,是,cache
2008\B\优秀论文\B1920.pdf,18552,是,cache
2008\B\优秀论文\B2008.doc,552,否,cache
2008\B\优秀论文\B长沙理工大学 张伯龙 刘举款 张芳.pdf,7479,是,cache
2008\B\优秀论文\B长沙理工大学_高等教育学费的优化模型.pdf,7479,是,cache
2008\B\优秀论文\cumcm0849.PDF,12530,是,cache
2008\B\优秀论文\cumcm0849—关于高等教育学费评价的标准及建议.PDF,12530,是,cache
2008\B\优秀论文\cumcm0858.PDF,8054,是,cache
2008\B\优秀论文\cumcm0858—高校学费合理性研究.PDF,8054,是,cache
2008\B\优秀论文\cumcm0860.PDF,10595,是,cache
2008\B\优秀论文\论文f.pdf,12931,是,cache
2008\B\优秀论文\高校教育学费标准的研究.pdf,14956,是,cache
2008\B\优秀论文\高等教育学费标准探究—浙江大学队伍.pdf,12931,是,cache
2009\A\优秀论文\09A.pdf,8661,是,cache
2009\A\优秀论文\09A2.pdf,7934,是,cache
2009\A\优秀论文\09A3.pdf,6459,是,cache
2009\A\优秀论文\09年A题.pdf,1612,否,cache
2009\A\优秀论文\2009全国大学生数学建模A题0314.pdf,8770,是,cache
2009\A\优秀论文\2009全国大学生数学建模A题0318.pdf,14650,是,cache
2009\A\优秀论文\2009河南科技大学（郑晨，王文霞，李培飞_A.pdf,9495,是,cache
2009\B\优秀论文\09B.pdf,8293,是,cache
2010\A\全国一等奖\2010年数学建模A题全国一等奖论文.pdf,7051,是,cache
2010\B\全国一等奖\2010数学建模国家一等奖论文(B).doc,18774,是,cache
2011\A\优秀论文\2011数学建模优秀论文A题.doc,11495,是,cache
2011\B\优秀论文\4.国赛2011B题原论文.doc,20046,是,cache
2011\B\全国一等奖\2011年全国大学生数学建模竞赛B题省级一等奖论文.pdf,7750,是,cache
2012\A\优秀论文\A004.doc,21949,是,cache
2012\A\优秀论文\A301.pdf,9239,是,cache
2012\A\优秀论文\A335.pdf,20486,是,cache
2012\A\优秀论文\A441.pdf,702,否,cache
2012\B\优秀论文\20121784.pdf,8729,是,cache
2012\B\优秀论文\B077.pdf,1061,否,cache
2012\B\优秀论文\基于递归算法的建筑外表面光伏电池布局优化分析与设计.doc,17961,是,cache
2013\A\优秀论文\5486.pdf,14704,是,cache
2013\A\优秀论文\A-13241002-黄小敏，黄程，王露.pdf,15349,是,cache
2013\A\优秀论文\A0114.pdf,10824,是,cache
2013\A\优秀论文\基于差分方程和元胞自动机的交通阻塞模型.pdf,16950,是,cache
2013\B\优秀论文\814 姜荣杰 朱佳亭 金建邦.pdf,11333,是,cache
2013\B\优秀论文\B-20001040-向航，王帆，郭树璇.pdf,9851,是,cache
2013\B\优秀论文\B0129.pdf,1305,否,cache
2013\B\优秀论文\B506.pdf,7775,是,cache
2013\B\优秀论文\唐隽玉，孙雪清，胡文伟.pdf,12792,是,cache
2014\A\优秀论文\A10009072_吉张鹤轩_杨升_陈同广.pdf,14262,是,cache
2014\A\优秀论文\A11141001_陈超_唐梦珏_杨克宇.pdf,14142,是,cache
2014\A\优秀论文\A11168020_郑建国_陶禹诺_严洒洒.pdf,14941,是,cache
2014\A\优秀论文\A15010142_王子硕_吴鹏飞_陶立.pdf,12455,是,cache
2014\A\优秀论文\A19004009_吴国斌_方荧荧_严格格.pdf,10331,是,cache
2014\A\优秀论文\A23022014_杜磊_江启文_汪鑫 .pdf,10919,是,cache
2014\B\优秀论文\B16046004_程双泽_李君昌_陈凌勤.pdf,7501,是,cache
2014\B\优秀论文\B18013004_邓敏娜_宁凯_董婷婷.pdf,5262,是,cache
2014\B\优秀论文\B27042017_吴俊锋_谭翔飞_庄重.pdf,8851,是,cache
2015\A\优秀论文\A095.pdf,9730,是,cache
2015\A\优秀论文\A135.pdf,12791,是,cache
2015\B\优秀论文\B006.pdf,684,否,cache
2015\B\优秀论文\B013.pdf,9358,是,cache
2015\B\优秀论文\B285.pdf,13241,是,cache
2015\B\优秀论文\B309.pdf,12803,是,cache
2015\B\优秀论文\B340.pdf,11516,是,cache
2016\A\优秀论文\A028.pdf,8955,是,cache
2016\A\优秀论文\A140.pdf,18562,是,cache
2016\A\优秀论文\A194.pdf,11905,是,cache
2016\A\优秀论文\A433.pdf,10114,是,cache
2016\B\优秀论文\B022.pdf,10945,是,cache
2016\B\优秀论文\B044.pdf,11640,是,cache
2016\B\优秀论文\B067.pdf,15601,是,cache
2016\B\优秀论文\B294.pdf,14067,是,cache
2017\A\优秀论文\A053.pdf,9781,是,cache
2017\A\优秀论文\A090.pdf,9429,是,cache
2017\A\优秀论文\A156.pdf,11160,是,cache
2017\A\优秀论文\A298.pdf,11224,是,cache
2017\A\优秀论文\A328.pdf,13945,是,cache
2017\A\优秀论文\A题CT系统参数标定及成像蔡志杰.pdf,0,否,cache
2017\B\优秀论文\B104.pdf,6540,是,cache
2017\B\优秀论文\B154.pdf,10604,是,cache
2017\B\优秀论文\B248.pdf,16854,是,cache
2017\B\优秀论文\B264.pdf,8878,是,cache
2017\B\优秀论文\B315.pdf,7470,是,cache
2017\B\优秀论文\B353.pdf,10176,是,cache
2017\B\优秀论文\B447.pdf,15495,是,cache
2017\B\优秀论文\B题“拍照赚钱”的任务定价-邓明华.pdf,8020,是,cache
2018\A\优秀论文\A229.pdf,9225,是,cache
2018\A\优秀论文\A401.pdf,11617,是,cache
2018\A\优秀论文\A440.pdf,9192,是,cache
2018\A\优秀论文\A466.pdf,6127,是,cache
2018\B\优秀论文\B203.pdf,15202,是,cache
2018\B\优秀论文\B225.pdf,20406,是,cache
2018\B\优秀论文\B334.pdf,10415,是,cache
2019\A\优秀论文\A023.pdf,1026,否,cache
2019\A\优秀论文\A190.pdf,609,否,cache
2019\A\优秀论文\A240.pdf,324,否,cache
2019\B\优秀论文\B047.pdf,735,否,cache
2019\B\优秀论文\B057.pdf,378,否,cache
2019\B\优秀论文\B136.pdf,432,否,cache
2019\C\优秀论文\C044.pdf,561,否,cache
2019\C\优秀论文\C137.pdf,540,否,cache
2019\C\优秀论文\C308.pdf,675,否,cache
2020\A\优秀论文\A070.pdf,483,否,cache
2020\A\优秀论文\A147.pdf,1239,否,cache
2020\A\优秀论文\A195.pdf,591,否,cache
2020\A\优秀论文\A212.pdf,375,否,cache
2020\B\优秀论文\B078.pdf,699,否,cache
2020\B\优秀论文\B108.pdf,1428,否,cache
2020\B\优秀论文\B125.pdf,483,否,cache
2020\B\优秀论文\B175.pdf,564,否,cache
2020\C\优秀论文\C109.pdf,1077,否,cache
2020\C\优秀论文\C142.pdf,621,否,cache
2020\C\优秀论文\C170.pdf,564,否,cache
2020\C\优秀论文\C227.pdf,510,否,cache
2020\C\优秀论文\C305.pdf,753,否,cache
2021\A\全国一等奖\A028.pdf,0,否,cache
2021\A\全国一等奖\A115.pdf,0,否,cache
2021\A\全国一等奖\A217.pdf,0,否,cache
2021\B\优秀论文\B160.pdf,390,否,cache
2021\B\全国一等奖\B007.pdf,0,否,cache
2021\B\全国一等奖\B026.pdf,0,否,cache
2021\B\全国一等奖\B050.pdf,0,否,cache
2021\B\全国一等奖\B106.pdf,0,否,cache
2021\C\优秀论文\C006.pdf,822,否,cache
2021\C\全国一等奖\C066.pdf,0,否,cache
2021\C\全国一等奖\C085.pdf,0,否,cache
2021\C\全国一等奖\C169.pdf,0,否,cache
2021\C\全国一等奖\C283.pdf,0,否,cache
2022\A\优秀论文\全国大学生数学建模大赛A题论文（A001）.pdf,513,否,cache
2022\A\优秀论文\全国大学生数学建模大赛A题论文（A022）.pdf,405,否,cache
2022\A\优秀论文\全国大学生数学建模大赛A题论文（A171）.pdf,783,否,cache
2022\A\全国一等奖\A001.pdf,0,否,cache
2022\A\全国一等奖\A022.pdf,0,否,cache
2022\A\全国一等奖\A171.pdf,0,否,cache
2022\B\优秀论文\全国大学生数学建模大赛B题论文（B030）.pdf,567,否,cache
2022\B\优秀论文\全国大学生数学建模大赛B题论文（B035）.pdf,567,否,cache
2022\B\优秀论文\全国大学生数学建模大赛B题论文（B086）.pdf,432,否,cache
2022\B\全国一等奖\B030.pdf,0,否,cache
2022\B\全国一等奖\B035.pdf,0,否,cache
2022\B\全国一等奖\B086.pdf,0,否,cache
2022\C\优秀论文\全国大学生数学建模大赛C题（C065).pdf,621,否,cache
2022\C\优秀论文\全国大学生数学建模大赛C题（C155).pdf,567,否,cache
2022\C\优秀论文\全国大学生数学建模大赛C题（C229).pdf,351,否,cache
2022\C\全国一等奖\C065.pdf,0,否,cache
2022\C\全国一等奖\C155.pdf,0,否,cache
2022\C\全国一等奖\C229.pdf,0,否,cache
2022\C\全国二等奖\2022C-全国二等奖-古代玻璃成分分析与鉴别(mypaper).pdf,18371,是,cache
2023\A\全国一等奖\2023A-全国一等奖-定日镜场优化设计模型(linggm3).pdf,11567,是,cache
2023\A\全国一等奖\A092.pdf,16778,是,cache
2023\A\全国一等奖\A127.pdf,38636,是,cache
2023\A\全国一等奖\A165.pdf,10776,是,cache
2023\A\全国一等奖\A175.pdf,9921,是,cache
2023\B\全国一等奖\B226.pdf,16626,是,cache
2023\B\全国一等奖\B311.pdf,7072,是,cache
2023\B\全国一等奖\B477.pdf,8704,是,cache
2023\B\全国二等奖\2023B-全国二等奖-多波束测线-基于多目标规划(zhangzeyu2002).pdf,4686,是,cache
2023\C\全国一等奖\C050.pdf,18725,是,cache
2023\C\全国一等奖\C126.pdf,7382,是,cache
2023\C\全国一等奖\C228.pdf,19207,是,cache
2023\C\全国一等奖\C235.pdf,21342,是,cache
2023\C\省一等奖\2023C-商超补货-基于ARIMA和多目标优化(CRIS).pdf,16708,是,cache
2023\C\省二等奖\2023C-商超补货-论文定稿(上海·kalipolis).pdf,19444,是,cache
2024\A\优秀论文\A1.pdf,1485,否,cache
2024\A\优秀论文\A2.pdf,1815,否,cache
2024\A\优秀论文\A3.pdf,1947,否,cache
2024\A\优秀论文\A4.pdf,2046,是,cache
2024\A\优秀论文\A5.pdf,1584,否,cache
2024\A\优秀论文\A6.pdf,1584,否,cache
2024\A\全国一等奖\2024A-全国一等奖-板凳龙论文(OurPaper).pdf,13479,是,cache
2024\A\全国一等奖\A016.pdf,0,否,cache
2024\A\全国一等奖\A053.pdf,0,否,cache
2024\A\全国一等奖\A163.pdf,0,否,cache
2024\A\全国一等奖\A178.pdf,0,否,cache
2024\A\全国一等奖\A242.pdf,0,否,cache
2024\A\全国二等奖\2024A-全国二等奖-板凳龙论文(paper).pdf,15017,是,cache
2024\B\优秀论文\B1.pdf,1188,否,cache
2024\B\优秀论文\B2.pdf,2310,是,cache
2024\B\优秀论文\B3.pdf,924,否,cache
2024\B\全国一等奖\B159.pdf,0,否,cache
2024\B\全国一等奖\B195.pdf,0,否,cache
2024\B\全国一等奖\B196.pdf,0,否,cache
2024\C\优秀论文\C1.pdf,2013,是,cache
2024\C\优秀论文\C2.pdf,1617,否,cache
2024\C\优秀论文\C3.pdf,1485,否,cache
2024\C\优秀论文\C4.pdf,1914,否,cache
2024\C\全国一等奖\C038.pdf,0,否,cache
2024\C\全国一等奖\C063.pdf,0,否,cache
2024\C\全国一等奖\C094.pdf,0,否,cache
2024\C\全国一等奖\C234.pdf,0,否,cache
2024\C\省一等奖\2024C-农作物种植优化(辽宁)-final-paper.pdf,11164,是,cache
2024\C\省二等奖\2024C-农作物种植(广东)-论文.pdf,17979,是,cache
2024\C\省二等奖\2024C-农作物种植(湖北)-C046.pdf,10150,是,cache
2025\A\全国一等奖\A196.pdf,0,否,cache
2025\A\省一等奖\2025A-烟幕弹干扰策略优化(四川)-论文.pdf,20243,是,cache
2025\A\省二等奖\2025A-省二等奖-烟幕干扰弹投放策略(上海·ceasonen)-论文.pdf,15548,是,cache
2025\B\全国一等奖\B060.pdf,0,否,cache
2025\B\全国一等奖\B157.pdf,0,否,cache
2025\B\省二等奖\2025B-半导体外延层厚度(上海)-论文.pdf,7438,是,cache
2025\B\省二等奖\2025B-省二等奖-碳化硅外延层厚度-红外干涉(Chang-Liu6).pdf,14827,是,cache
2025\C\全国一等奖\C023.pdf,0,否,cache
2025\C\全国一等奖\C132.pdf,0,否,cache
2025\C\省一等奖\2025C-NIPT封面(title).pdf,1541,否,cache
2025\C\省一等奖\2025C-NIPT报告(report).pdf,12944,是,cache
2025\C\省二等奖\2025C-NIPT(山东)-论文.pdf,17205,是,cache
算法写作模板\01_算法获奖论文(按算法)\TOPSIS法\2009全国大学生数学建模A题0314医院病床合理安排模型探讨.pdf,8770,是,cache
算法写作模板\01_算法获奖论文(按算法)\TOPSIS法\2016国赛B题推荐国家一等奖小区开放对道路通行的影响.pdf,8517,是,cache
算法写作模板\01_算法获奖论文(按算法)\TOPSIS法\常州大学一等奖淡水养殖池塘水华发生及池水自净化研究.pdf,16127,是,cache
算法写作模板\01_算法获奖论文(按算法)\主成分分析\10300C 最佳旅游路线设计与对比.pdf.pdf,11761,是,cache
算法写作模板\01_算法获奖论文(按算法)\主成分分析\10342c基于协同过滤的书籍推荐模型.pdf,10379,是,cache
算法写作模板\01_算法获奖论文(按算法)\主成分分析\2012年数学建模A题一等奖论文葡萄酒的评价 .pdf,16275,是,cache
算法写作模板\01_算法获奖论文(按算法)\主成分分析\[2011年国赛高教杯奖A题]南京信息工程大学城市表层土壤重金属污染.pdf,4258,是,cache
算法写作模板\01_算法获奖论文(按算法)\主成分分析\[2016年国赛MATLAB创新奖B题]中国人民大学-小区开放道路通行影响.pdf,14542,是,cache
算法写作模板\01_算法获奖论文(按算法)\主成分分析\B3617基于粗糙集改进的决策树手机精准营销模型 .pdf,17056,是,cache
算法写作模板\01_算法获奖论文(按算法)\主成分分析\一等奖C题_东北石油大学_狄喜凤_支树宝_任泽彬垃圾观点的文档识别.pdf,17330,是,cache
算法写作模板\01_算法获奖论文(按算法)\主成分分析\一等奖D题_山东科技大学_李倩_孔令波_李晓杭图像去噪中几类稀疏变换的矩阵表示 .pdf,17403,是,cache
算法写作模板\01_算法获奖论文(按算法)\主成分分析\一等奖D题_武汉大学_王桐_蔡家骏_李默颖图像去噪中几类稀疏变换的矩阵表示 .pdf,11138,是,cache
算法写作模板\01_算法获奖论文(按算法)\主成分分析\华北电力大学二等奖A淡水养殖池塘水华发生及池水净化处理 .pdf,15274,是,cache
算法写作模板\01_算法获奖论文(按算法)\主成分分析\武汉大学一等奖A水产养殖池塘综合研究.pdf,16595,是,cache
算法写作模板\01_算法获奖论文(按算法)\主成分分析\特等奖D题_中国矿业大学（北京）_蒋书棋_李晨光_王畅.pdf,7397,是,cache
算法写作模板\01_算法获奖论文(按算法)\元胞自动机\2013数学建模A题优秀论文车道被占用对城市道路通行能力的影响 .pdf,14704,是,cache
算法写作模板\01_算法获奖论文(按算法)\元胞自动机\[2016年国赛MATLAB创新奖B题]中国人民大学-小区开放道路通行影响.pdf,14542,是,cache
算法写作模板\01_算法获奖论文(按算法)\元胞自动机\华中农大特等奖淡水养殖池塘水华发生及池水自净化研究 .pdf,14457,是,cache
算法写作模板\01_算法获奖论文(按算法)\元胞自动机\周晨阳周登岳孔垂烨A车道被占用对城市道路通行能力的影响 .pdf,16193,是,cache
算法写作模板\01_算法获奖论文(按算法)\典型相关分析\2012年数学建模A题一等奖论文葡萄酒的评价 .pdf,16275,是,cache
算法写作模板\01_算法获奖论文(按算法)\典型相关分析\常州大学一等奖淡水养殖池塘水华发生及池水自净化研究 .pdf,16127,是,cache
算法写作模板\01_算法获奖论文(按算法)\决策树\基于粗糙集改进的决策树手机精准营销模型.pdf,17077,是,cache
算法写作模板\01_算法获奖论文(按算法)\动态规划\基于蒙特卡洛模拟的眼科病床安排排队模型 .pdf,8293,是,cache
算法写作模板\01_算法获奖论文(按算法)\动态规划\山东科技大学特等奖小区车位分布的评价和优化模型.pdf,11504,是,cache
算法写作模板\01_算法获奖论文(按算法)\动态规划\最佳旅游路线的选择模型 .pdf,7934,是,cache
算法写作模板\01_算法获奖论文(按算法)\动态规划\洗衣机的节水程序设计.pdf,4991,是,cache
算法写作模板\01_算法获奖论文(按算法)\博弈论\2006 高教社杯全国大学生数学建模竞赛.pdf,16434,是,cache
算法写作模板\01_算法获奖论文(按算法)\博弈论\“2048”游戏的数学基础及其取胜策略研究.pdf,7343,是,cache
算法写作模板\01_算法获奖论文(按算法)\博弈论\“拍照赚钱”的任务定价 (2).pdf,6830,是,cache
算法写作模板\01_算法获奖论文(按算法)\博弈论\“拍照赚钱”的任务定价.pdf,16035,是,cache
算法写作模板\01_算法获奖论文(按算法)\因子分析\[2018C基于 RFMT 模型的百货商场会员画像描绘].pdf,12971,是,cache
算法写作模板\01_算法获奖论文(按算法)\因子分析\基于复杂网络和因子分析的智能推荐 .pdf,10386,是,cache
算法写作模板\01_算法获奖论文(按算法)\因子分析\武汉大学一等奖A水产养殖池塘综合研究.pdf,16595,是,cache
算法写作模板\01_算法获奖论文(按算法)\图论Dijkstra模型\[2016年国赛MATLAB创新奖B题]中国人民大学-小区开放道路通行影响.pdf,14542,是,cache
算法写作模板\01_算法获奖论文(按算法)\图论Dijkstra模型\公交查询系统的最佳乘车方案研究与设计 .pdf,16617,是,cache
算法写作模板\01_算法获奖论文(按算法)\图论Dijkstra模型\钢管订购和运输优化模型.pdf,4573,是,cache
算法写作模板\01_算法获奖论文(按算法)\图论floyd算法\2011年全国大学生数学建模竞赛B题省级一等奖论文.pdf,7750,是,cache
算法写作模板\01_算法获奖论文(按算法)\图论floyd算法\[2011年国赛MATLAB创新奖B题]第三军医大学交巡警平台设置与调度模型.pdf,3127,是,cache
算法写作模板\01_算法获奖论文(按算法)\图论floyd算法\中国民航大学一等奖B车位分布的优化设计与评价 .pdf,9019,是,cache
算法写作模板\01_算法获奖论文(按算法)\图论floyd算法\基于复杂网络和因子分析的智能推荐.pdf,10386,是,cache
算法写作模板\01_算法获奖论文(按算法)\图论floyd算法\奥运会超市网点设计-刘俊.pdf,5266,是,cache
算法写作模板\01_算法获奖论文(按算法)\多元回归\1010B题公司业务数据分析.pdf,8702,是,cache
算法写作模板\01_算法获奖论文(按算法)\多元回归\2004-电力市场的输电阻塞问题--历年数学建模优秀论文大全.pdf,5760,是,cache
算法写作模板\01_算法获奖论文(按算法)\多元回归\2012年数学建模A题一等奖论文葡萄酒的评价 .pdf,16275,是,cache
算法写作模板\01_算法获奖论文(按算法)\多元回归\[2017年国赛MATLAB创新奖C题]南京铁道职业技术学院-颜色与物质浓度的辨识问多元回归题.pdf,7457,是,cache
算法写作模板\01_算法获奖论文(按算法)\多元回归\DVD租赁优化方案.pdf,4846,是,cache
算法写作模板\01_算法获奖论文(按算法)\多元回归\一等奖“拍照赚钱”的任务定价 .pdf,1886,否,cache
算法写作模板\01_算法获奖论文(按算法)\多元回归\全国二等奖“拍照赚钱”的任务定价.pdf,6830,是,cache
算法写作模板\01_算法获奖论文(按算法)\多元回归\华北电力大学一等奖水质综合评价及预测 .pdf,12873,是,cache
算法写作模板\01_算法获奖论文(按算法)\多元回归\周晨阳周登岳孔垂烨A车道被占用对城市道路通行能力的影响 .pdf,16193,是,cache
算法写作模板\01_算法获奖论文(按算法)\多元回归\基于聚类分析的双目标优化定价模型.pdf,17469,是,cache
算法写作模板\01_算法获奖论文(按算法)\多元回归\施肥方案对作物_蔬菜的影响.pdf,3813,是,cache
算法写作模板\01_算法获奖论文(按算法)\多元回归\矿相特征迁移规律研究.pdf,9034,是,cache
算法写作模板\01_算法获奖论文(按算法)\多元回归\长江水质综合评价与预测的数学模型.pdf,10207,是,cache
算法写作模板\01_算法获奖论文(按算法)\多元回归\颜色与物质浓度的辨识问题 .pdf,1010,否,cache
算法写作模板\01_算法获奖论文(按算法)\多元回归\颜色与物质浓度辨识 .pdf,7423,是,cache
算法写作模板\01_算法获奖论文(按算法)\多元回归\高等教育学费标准的探讨 .pdf,18552,是,cache
算法写作模板\01_算法获奖论文(按算法)\小波分析\一等奖D题_山东科技大学_李倩_孔令波_李晓杭.pdf,17403,是,cache
算法写作模板\01_算法获奖论文(按算法)\小波分析\特等奖D题_中国矿业大学（北京）_蒋书棋_李晨光_王畅.pdf,7397,是,cache
算法写作模板\01_算法获奖论文(按算法)\层次分析法\2002年B题“彩票中的数学”问题的优化模型与评述.pdf,6903,是,cache
算法写作模板\01_算法获奖论文(按算法)\层次分析法\2002年B题彩票方案的优选模型.pdf,3595,是,cache
算法写作模板\01_算法获奖论文(按算法)\层次分析法\2002年B题彩票方案的评价.pdf,4000,是,cache
算法写作模板\01_算法获奖论文(按算法)\层次分析法\2008一等奖关于高等教育学费标准的评价及建议 .pdf,12551,是,cache
算法写作模板\01_算法获奖论文(按算法)\层次分析法\2009B基于蒙特卡洛模拟的眼科病床安排排队模型 .pdf,8314,是,cache
算法写作模板\01_算法获奖论文(按算法)\层次分析法\2009全国大学生数学建模A题0314.pdf,8791,是,cache
算法写作模板\01_算法获奖论文(按算法)\层次分析法\2012年数学建模A题一等奖论文葡萄酒的评价 .pdf,16296,是,cache
算法写作模板\01_算法获奖论文(按算法)\层次分析法\[2010年国赛MATLAB创新奖B题]大连海事大学-上海世博会影响力的定量分析.pdf,9436,是,cache
算法写作模板\01_算法获奖论文(按算法)\层次分析法\[2016年国赛MATLAB创新奖B题]中国人民大学-小区开放道路通行影响.pdf,14542,是,cache
算法写作模板\01_算法获奖论文(按算法)\层次分析法\[2017年国赛MATLAB创新奖C题]南京铁道职业技术学院-颜色与物质浓度的辨识问多元回归题.pdf,7457,是,cache
算法写作模板\01_算法获奖论文(按算法)\层次分析法\[2018C基于 RFMT 模型的百货商场会员画像描绘].pdf,12992,是,cache
算法写作模板\01_算法获奖论文(按算法)\层次分析法\[2018D确定汽车装配顺序问题的].pdf,16057,是,cache
算法写作模板\01_算法获奖论文(按算法)\层次分析法\DNA分类模型.pdf,4926,是,cache
算法写作模板\01_算法获奖论文(按算法)\层次分析法\DNA序列的分类模型.pdf,6607,是,cache
算法写作模板\01_算法获奖论文(按算法)\层次分析法\SARS传播预测的数学模型.pdf,9622,是,cache
算法写作模板\01_算法获奖论文(按算法)\层次分析法\SARS传播预测的数学模型SARS传播预测的数学模型_.pdf,13033,是,cache
算法写作模板\01_算法获奖论文(按算法)\层次分析法\“彩票中的数学”问题的优化模型与评述.pdf,6903,是,cache
算法写作模板\01_算法获奖论文(按算法)\层次分析法\“露天矿生产的车辆安排”的模型和评述.pdf,8688,是,cache
算法写作模板\01_算法获奖论文(按算法)\层次分析法\健康的标准和健康计划.pdf,17377,是,cache
算法写作模板\01_算法获奖论文(按算法)\层次分析法\健康综合评价体系设计与应用.pdf,17095,是,cache
算法写作模板\01_算法获奖论文(按算法)\层次分析法\关于DNA序列分类问题的模型.pdf,5804,是,cache
算法写作模板\01_算法获奖论文(按算法)\层次分析法\华北理工大学一等奖A樊丽娟淡水养殖池塘水华发生及池水净化处理 .pdf,9293,是,cache
算法写作模板\01_算法获奖论文(按算法)\层次分析法\基于插值的雨量预报评价模型.pdf,2352,是,cache
算法写作模板\01_算法获奖论文(按算法)\层次分析法\对公务员招聘问题的思考.pdf,4311,是,cache
算法写作模板\01_算法获奖论文(按算法)\层次分析法\彩票方案的优选模型.pdf,3595,是,cache
算法写作模板\01_算法获奖论文(按算法)\层次分析法\彩票方案的评价.pdf,4000,是,cache
算法写作模板\01_算法获奖论文(按算法)\层次分析法\招聘公务员问题的优化模型与评述.pdf,6636,是,cache
算法写作模板\01_算法获奖论文(按算法)\层次分析法\最佳旅游路线设计与对比 .pdf.pdf,11782,是,cache
算法写作模板\01_算法获奖论文(按算法)\层次分析法\洗衣机的节水程序设计.pdf,5012,是,cache
算法写作模板\01_算法获奖论文(按算法)\层次分析法\西南交通大学一等奖B车位分布的优化设计与评价.pdf,10165,是,cache
算法写作模板\01_算法获奖论文(按算法)\层次分析法\雨量预报方法的评价.pdf,2961,是,cache
算法写作模板\01_算法获奖论文(按算法)\微分方程\1考虑自愈的SARS的传播模型.pdf,12328,是,cache
算法写作模板\01_算法获奖论文(按算法)\微分方程\2013 高教社杯全国大学生数学建模竞赛.pdf,10887,是,cache
算法写作模板\01_算法获奖论文(按算法)\微分方程\2长江水质的评价和预测.pdf,5669,是,cache
算法写作模板\01_算法获奖论文(按算法)\微分方程\SARS传播预测的数学模型.pdf,13012,是,cache
算法写作模板\01_算法获奖论文(按算法)\微分方程\基于非稳态导热的高温作业专用服装设计.pdf,9566,是,cache
算法写作模板\01_算法获奖论文(按算法)\微分方程\基于非稳态导热的高温作业专用服装设计].pdf,9566,是,cache
算法写作模板\01_算法获奖论文(按算法)\微分方程\小区开放道路通行影响.pdf,11261,是,cache
算法写作模板\01_算法获奖论文(按算法)\微分方程\平行束CT 系统的参数标定及成像.pdf,10146,是,cache
算法写作模板\01_算法获奖论文(按算法)\微分方程\数学建模SARS传播的研究_(3).pdf,5786,是,cache
算法写作模板\01_算法获奖论文(按算法)\微分方程\考虑自愈的SARS的传播模型.pdf,5786,是,cache
算法写作模板\01_算法获奖论文(按算法)\微分方程\酒精代谢的数学分析.pdf,2313,是,cache
算法写作模板\01_算法获奖论文(按算法)\微分方程\长江水质的评价和预测.pdf,5669,是,cache
算法写作模板\01_算法获奖论文(按算法)\微分方程\陆基导弹打击航母的数学建模与算法设计.pdf,12328,是,cache
算法写作模板\01_算法获奖论文(按算法)\微分方程\饮酒与驾车的关系.pdf,3100,是,cache
算法写作模板\01_算法获奖论文(按算法)\微分方程\饮酒驾车的优化模型.pdf,3611,是,cache
算法写作模板\01_算法获奖论文(按算法)\拟合模型\2009河南科技大学 制动器试验台的控制方法分析 （郑晨，王文霞，李培飞_A.pdf,9495,是,cache
算法写作模板\01_算法获奖论文(按算法)\拟合模型\[2016年国赛MATLAB创新奖C题]海军蚌埠士官学校-电池剩余放电时间预测曲线拟合最小二乘.pdf,5351,是,cache
算法写作模板\01_算法获奖论文(按算法)\拟合模型\[2017年国赛MATLAB创新奖A题]浙江大学-CT 系统参数标定及成像.pdf,14510,是,cache
算法写作模板\01_算法获奖论文(按算法)\拟合模型\[2017年国赛MATLAB创新奖C题]南京铁道职业技术学院-颜色与物质浓度的辨识问多元回归题.pdf,7457,是,cache
算法写作模板\01_算法获奖论文(按算法)\拟合模型\[2018A高温作业服设计].pdf,9548,是,cache
算法写作模板\01_算法获奖论文(按算法)\拟合模型\cumcm0849—关于高等教育学费评价的标准及建议.pdf,12530,是,cache
算法写作模板\01_算法获奖论文(按算法)\拟合模型\SARS传播预测的数学模型.pdf,13012,是,cache
算法写作模板\01_算法获奖论文(按算法)\拟合模型\关于公交车调度的优化问题.pdf,3841,是,cache
算法写作模板\01_算法获奖论文(按算法)\拟合模型\关于生猪养殖场经营管理的研究.pdf,10262,是,cache
算法写作模板\01_算法获奖论文(按算法)\拟合模型\制动器试验台的计算机控制方法分析与设计 .pdf,6459,是,cache
算法写作模板\01_算法获奖论文(按算法)\拟合模型\华中农大特等奖淡水养殖池塘水华发生及池水自净化研究 .pdf,14457,是,cache
算法写作模板\01_算法获奖论文(按算法)\拟合模型\华北电力大学一等奖水质综合评价及预测 .pdf,12873,是,cache
算法写作模板\01_算法获奖论文(按算法)\拟合模型\施肥方案对作物_蔬菜的影响.pdf,3813,是,cache
算法写作模板\01_算法获奖论文(按算法)\拟合模型\武汉大学一等奖A水产养殖池塘综合研究.pdf,16595,是,cache
算法写作模板\01_算法获奖论文(按算法)\拟合模型\测控SARS流行趋势的优化模型.pdf,6928,是,cache
算法写作模板\01_算法获奖论文(按算法)\拟合模型\火车票购票网站优化.pdf,9952,是,cache
算法写作模板\01_算法获奖论文(按算法)\拟合模型\血管管道的三维重建.pdf,5179,是,cache
算法写作模板\01_算法获奖论文(按算法)\拟合模型\车道被占用对城市道路通行能力的影响 .pdf,14704,是,cache
算法写作模板\01_算法获奖论文(按算法)\拟合模型\长江水质综合评价与预测的数学模型.pdf,10207,是,cache
算法写作模板\01_算法获奖论文(按算法)\拟合模型\长江水质评价和预测研究.pdf,3723,是,cache
算法写作模板\01_算法获奖论文(按算法)\拟合模型\非线性交调的频率设计_A题.pdf,3581,是,cache
算法写作模板\01_算法获奖论文(按算法)\排队论\基于蒙特卡洛模拟的眼科病床安排排队模型.pdf,8293,是,cache
算法写作模板\01_算法获奖论文(按算法)\排队论\火车票购票网站优化.pdf,9592,是,cache
算法写作模板\01_算法获奖论文(按算法)\排队论\车道被占用对城市道路通行能力的影响.pdf,10887,是,cache
算法写作模板\01_算法获奖论文(按算法)\插值\[2011年国赛高教杯奖A题]南京信息工程大学城市表层土壤重金属污染.pdf,4258,是,cache
算法写作模板\01_算法获奖论文(按算法)\插值\CT系统标定与图像重建.pdf,14510,是,cache
算法写作模板\01_算法获奖论文(按算法)\插值\华中农大特等奖淡水养殖池塘水华发生及池水自净化研究 .pdf,14457,是,cache
算法写作模板\01_算法获奖论文(按算法)\插值\基于插值的雨量预报评价模型.pdf,2331,是,cache
算法写作模板\01_算法获奖论文(按算法)\插值\常州大学一等奖淡水养殖池塘水华发生及池水自净化研究.pdf,16127,是,cache
算法写作模板\01_算法获奖论文(按算法)\插值\平行束CT 系统的参数标定及成像 .pdf,10126,是,cache
算法写作模板\01_算法获奖论文(按算法)\插值\雨量预报方法优劣的评价模型.pdf,3673,是,cache
算法写作模板\01_算法获奖论文(按算法)\支持向量机\淡水养殖池塘华发生及自净化研究.pdf,14457,是,cache
算法写作模板\01_算法获奖论文(按算法)\方差分析\1010c公司业务数据分析 .pdf,8702,是,cache
算法写作模板\01_算法获奖论文(按算法)\方差分析\2012年数学建模A题一等奖论文葡萄酒的评价 .pdf,16275,是,cache
算法写作模板\01_算法获奖论文(按算法)\方差分析\2013数学建模A题优秀论文车道被占用对城市道路通行能力的影响 .pdf,14704,是,cache
算法写作模板\01_算法获奖论文(按算法)\方差分析\B2572论文基于优化调度的共享单车现状及发展研究  .pdf,11806,是,cache
算法写作模板\01_算法获奖论文(按算法)\方差分析\B3617基于粗糙集改进的决策树手机精准营销模型 .pdf,17077,是,cache
算法写作模板\01_算法获奖论文(按算法)\方差分析\施肥方案对作物_蔬菜的影响.pdf,3813,是,cache
算法写作模板\01_算法获奖论文(按算法)\方差分析\球赛赛程安排的模型求解.pdf,2285,是,cache
算法写作模板\01_算法获奖论文(按算法)\时间序列ARMA\车道被占用对城市道路通行能力的影响.pdf,10887,是,cache
算法写作模板\01_算法获奖论文(按算法)\模拟退火\基于自适应模拟退火遗传算法的月球软着陆轨道优化.pdf,5753,是,cache
算法写作模板\01_算法获奖论文(按算法)\模拟退火\基于蚁群算法的月球软着陆轨迹优化.pdf,5803,是,cache
算法写作模板\01_算法获奖论文(按算法)\模拟退火\最佳旅游路线设计与对比 .pdf,11761,是,cache
算法写作模板\01_算法获奖论文(按算法)\模拟退火\特等奖A题基于多目标优化相邻两交叉口信号配时研究 _南昌大学_顾秀秀_高军_刘文锋.pdf,16077,是,cache
算法写作模板\01_算法获奖论文(按算法)\模拟退火\管道订购和运输.pdf,1803,否,cache
算法写作模板\01_算法获奖论文(按算法)\模拟退火\高等教育学费标准的探讨 .pdf,18552,是,cache
算法写作模板\01_算法获奖论文(按算法)\模糊综合评价\10486c合理旅游路线的选择与优化.pdf,8077,是,cache
算法写作模板\01_算法获奖论文(按算法)\模糊综合评价\2002年B题彩票方案的合理性优化.pdf,3583,是,cache
算法写作模板\01_算法获奖论文(按算法)\模糊综合评价\2009全国大学生数学建模A题0314医院病床合理安排模型探讨 .pdf,8770,是,cache
算法写作模板\01_算法获奖论文(按算法)\模糊综合评价\[2016年国赛MATLAB创新奖B题]中国人民大学-小区开放道路通行影响.pdf,14542,是,cache
算法写作模板\01_算法获奖论文(按算法)\模糊综合评价\[2018D确定汽车装配顺序问题的算法].pdf,16036,是,cache
算法写作模板\01_算法获奖论文(按算法)\模糊综合评价\B3617基于粗糙集改进的决策树手机精准营销模型 .pdf,17056,是,cache
算法写作模板\01_算法获奖论文(按算法)\模糊综合评价\华北理工大学一等奖A樊丽娟淡水养殖池塘水华发生及池水净化处理 .pdf,9272,是,cache
算法写作模板\01_算法获奖论文(按算法)\模糊综合评价\华北电力大学一等奖水质综合评价及预测 .pdf,12873,是,cache
算法写作模板\01_算法获奖论文(按算法)\模糊综合评价\华北电力大学二等奖A淡水养殖池塘水华发生及池水净化处理 .pdf,15274,是,cache
算法写作模板\01_算法获奖论文(按算法)\模糊综合评价\彩票方案的合理性优化.pdf,3583,是,cache
算法写作模板\01_算法获奖论文(按算法)\模糊综合评价\武汉大学一等奖A水产养殖池塘综合研究.pdf,16595,是,cache
算法写作模板\01_算法获奖论文(按算法)\模糊综合评价\西南交通大学一等奖B车位分布的优化设计与评价.pdf,10144,是,cache
算法写作模板\01_算法获奖论文(按算法)\模糊综合评价\西南交通大学二等奖B车位分布的优化设计与评价 .pdf,8636,是,cache
算法写作模板\01_算法获奖论文(按算法)\模糊综合评价\重庆大学二等奖A基于模糊综合评价和灰色关联度的淡水养殖池塘水华分析.pdf,13016,是,cache
算法写作模板\01_算法获奖论文(按算法)\模糊综合评价\长江水质的评价预测模型及其实用性研究.pdf,3426,是,cache
算法写作模板\01_算法获奖论文(按算法)\模糊综合评价\长江水质综合评价与预测的数学模型.pdf,10207,是,cache
算法写作模板\01_算法获奖论文(按算法)\灰色关联分析\[2017年国赛高教杯奖B题]华中科技大学-基于聚类分析的双目标优化定价模型.pdf,17469,是,cache
算法写作模板\01_算法获奖论文(按算法)\灰色关联分析\常州大学一等奖淡水养殖池塘水华发生及池水自净化研究 .pdf,16127,是,cache
算法写作模板\01_算法获奖论文(按算法)\灰色关联分析\西南交通大学二等奖B.车位分布的优化设计与评价 .pdf,8636,是,cache
算法写作模板\01_算法获奖论文(按算法)\灰色关联分析\重庆大学二等奖基于模糊综合评价和灰色关联度的淡水养殖池塘水华分析、预测及净化模型.pdf,13016,是,cache
算法写作模板\01_算法获奖论文(按算法)\灰色预测\09A2      制动机控制方法分析 .pdf,7934,是,cache
算法写作模板\01_算法获奖论文(按算法)\灰色预测\2008一等奖关于高等教育学费标准的评价及建议 .pdf,12550,是,cache
算法写作模板\01_算法获奖论文(按算法)\灰色预测\2009全国大学生数学建模A题0318眼科病床合理安排问题的模型探讨 .pdf,14614,是,cache
算法写作模板\01_算法获奖论文(按算法)\灰色预测\2013数学建模A题优秀论文2013 高教社杯全国大学生数学建模竞赛 .pdf,14704,是,cache
算法写作模板\01_算法获奖论文(按算法)\灰色预测\华北电力大学二等奖A淡水养殖池塘水华发生及池水净化处理.pdf,15274,是,cache
算法写作模板\01_算法获奖论文(按算法)\灰色预测\常州大学一等奖淡水养殖池塘水华发生及池水自净化研究 .pdf,16127,是,cache
算法写作模板\01_算法获奖论文(按算法)\灰色预测\成都工业学院 专5 C 肖瑜琳 刘新燕 黄龙.pdf,6819,是,cache
算法写作模板\01_算法获奖论文(按算法)\灰色预测\成都理工大学二等奖A题淡水养殖池塘水华发生及池水净化处理研究 .pdf,16084,是,cache
算法写作模板\01_算法获奖论文(按算法)\灰色预测\长江水质的评价预测模型.pdf,3268,是,cache
算法写作模板\01_算法获奖论文(按算法)\灰色预测\长江水质综合评价与预测的数学模型.pdf,10207,是,cache
算法写作模板\01_算法获奖论文(按算法)\相关系数\1010c.pdf,8702,是,cache
算法写作模板\01_算法获奖论文(按算法)\相关系数\10490c.pdf,10386,是,cache
算法写作模板\01_算法获奖论文(按算法)\相关系数\2008 高教社杯全国大学生数学建模竞赛 (2).pdf,16363,是,cache
算法写作模板\01_算法获奖论文(按算法)\相关系数\2008 高教社杯全国大学生数学建模竞赛.pdf,16363,是,cache
算法写作模板\01_算法获奖论文(按算法)\相关系数\2012年数学建模A题一等奖论文.pdf,16275,是,cache
算法写作模板\01_算法获奖论文(按算法)\相关系数\2013数学建模A题优秀论文.pdf,14704,是,cache
算法写作模板\01_算法获奖论文(按算法)\相关系数\华中农大特等奖.pdf,14457,是,cache
算法写作模板\01_算法获奖论文(按算法)\相关系数\华北电力大学一等奖.pdf,12873,是,cache
算法写作模板\01_算法获奖论文(按算法)\相关系数\基于协同过滤的书籍推荐模型.pdf,10379,是,cache
算法写作模板\01_算法获奖论文(按算法)\相关系数\奥运会临时超市网点的设计.pdf,11449,是,cache
算法写作模板\01_算法获奖论文(按算法)\相关系数\常州大学一等奖.pdf,16127,是,cache
算法写作模板\01_算法获奖论文(按算法)\相关系数\成都理工大学二等奖A题.pdf,16084,是,cache
算法写作模板\01_算法获奖论文(按算法)\相关系数\矿相特征迁移规律研.pdf,9034,是,cache
算法写作模板\01_算法获奖论文(按算法)\相关系数\矿相特征迁移规律研究 .pdf,9013,是,cache
算法写作模板\01_算法获奖论文(按算法)\相关系数\重庆大学二等奖A.pdf,13016,是,cache
算法写作模板\01_算法获奖论文(按算法)\相关系数\颜色与物质浓度的辨识问多元回归题.pdf,7457,是,cache
算法写作模板\01_算法获奖论文(按算法)\神经网络\1190c手机语音识别技术的设计与实现 .pdf,21895,是,cache
算法写作模板\01_算法获奖论文(按算法)\神经网络\14MathorCup推荐书籍 .pdf,5091,是,cache
算法写作模板\01_算法获奖论文(按算法)\神经网络\2009河南科技大学（郑晨，王文霞，李培飞_制动器试验台的控制方法分析 .pdf,9495,是,cache
算法写作模板\01_算法获奖论文(按算法)\神经网络\2013数学建模A题优秀论文车道被占用对城市道路通行能力的影响 .pdf,14704,是,cache
算法写作模板\01_算法获奖论文(按算法)\神经网络\[2017年国赛高教杯奖B题]华中科技大学-基于聚类分析的双目标优化定价模型.pdf,17469,是,cache
算法写作模板\01_算法获奖论文(按算法)\神经网络\A1053基于改进的神经网络和混沌时间序列预测控制高炉炼铁过程.pdf,13979,是,cache
算法写作模板\01_算法获奖论文(按算法)\神经网络\DNA序列分类的数学模型.pdf,5286,是,cache
算法写作模板\01_算法获奖论文(按算法)\神经网络\关于DNA序列分类问题的模型.pdf,4905,是,cache
算法写作模板\01_算法获奖论文(按算法)\神经网络\华北电力大学一等奖水质综合评价及预测 .pdf,12873,是,cache
算法写作模板\01_算法获奖论文(按算法)\神经网络\华北电力大学二等奖A淡水养殖池塘水华发生及池水净化处理 .pdf,15274,是,cache
算法写作模板\01_算法获奖论文(按算法)\神经网络\基于蒙特卡洛模拟的眼科病床安排排队模型.pdf,8293,是,cache
算法写作模板\01_算法获奖论文(按算法)\神经网络\武汉大学一等奖A水产养殖池塘综合研究.pdf,16595,是,cache
算法写作模板\01_算法获奖论文(按算法)\神经网络\火车票购票网站优化.pdf,9618,是,cache
算法写作模板\01_算法获奖论文(按算法)\神经网络\语音识别技术的应用.pdf,8710,是,cache
算法写作模板\01_算法获奖论文(按算法)\神经网络\车道被占用对城市道路通行能力的影响.pdf,10887,是,cache
算法写作模板\01_算法获奖论文(按算法)\粒子群算法\制动器试验台的计算机控制方法分析与设计 .pdf,6459,是,cache
算法写作模板\01_算法获奖论文(按算法)\粒子群算法\基于改进的神经网络和混沌时间序列预测控制高炉炼铁过程.pdf,13979,是,cache
算法写作模板\01_算法获奖论文(按算法)\线性规划\12一类投资组合问题的建模与分析.pdf,3129,是,cache
算法写作模板\01_算法获奖论文(按算法)\线性规划\1一类投资组合问题的建模与分析.pdf,3129,是,cache
算法写作模板\01_算法获奖论文(按算法)\线性规划\1一类运输问题的建模.pdf,3915,是,cache
算法写作模板\01_算法获奖论文(按算法)\线性规划\1露天矿生产车辆安排计划优化设计.pdf,5085,是,cache
算法写作模板\01_算法获奖论文(按算法)\线性规划\2004年中国大学生数学建模竞赛论文(电力市场的输电阻塞管理)I.pdf.pdf,6751,是,cache
算法写作模板\01_算法获奖论文(按算法)\线性规划\2005 高教社杯全国大学生数学建模竞赛.pdf,9728,是,cache
算法写作模板\01_算法获奖论文(按算法)\线性规划\2006 高教社杯全国大学生数学建模竞赛 .pdf,16434,是,cache
算法写作模板\01_算法获奖论文(按算法)\线性规划\2009全国大学生数学建模A题0314.pdf,8770,是,cache
算法写作模板\01_算法获奖论文(按算法)\线性规划\2012数学建模国赛B题国家一等奖论文.pdf,7455,是,cache
算法写作模板\01_算法获奖论文(按算法)\线性规划\2016国赛国一A题优秀论文1.pdf,9496,是,cache
算法写作模板\01_算法获奖论文(按算法)\线性规划\21零件的参数设计(1).pdf,3814,是,cache
算法写作模板\01_算法获奖论文(按算法)\线性规划\2一类运输问题的建模1.pdf,3929,是,cache
算法写作模板\01_算法获奖论文(按算法)\线性规划\3一类运输问题的建模1.pdf,5164,是,cache
算法写作模板\01_算法获奖论文(按算法)\线性规划\3零件的参数设计(1).pdf,3814,是,cache
算法写作模板\01_算法获奖论文(按算法)\线性规划\4钢管的订购和运输.pdf,3841,是,cache
算法写作模板\01_算法获奖论文(按算法)\线性规划\5风险投资组合的线性规划模型.pdf,2076,是,cache
算法写作模板\01_算法获奖论文(按算法)\线性规划\“露天矿生产的车辆安排”的模型和评述.pdf,8667,是,cache
算法写作模板\01_算法获奖论文(按算法)\线性规划\一类投资组合问题的建模与分析.pdf,3129,是,cache
算法写作模板\01_算法获奖论文(按算法)\线性规划\一类运输问题的建模.pdf,3929,是,cache
算法写作模板\01_算法获奖论文(按算法)\线性规划\一类运输问题的建模1.pdf,3929,是,cache
算法写作模板\01_算法获奖论文(按算法)\线性规划\众筹筑屋规划方案设计模型 .pdf,7995,是,cache
算法写作模板\01_算法获奖论文(按算法)\线性规划\公交移动支付问题的评估方案.pdf,14684,是,cache
算法写作模板\01_算法获奖论文(按算法)\线性规划\关于零件参数问题的建模.pdf,2787,是,cache
算法写作模板\01_算法获奖论文(按算法)\线性规划\基于SQP方法的常推力月球软着陆轨道优化方法.pdf,4030,是,cache
算法写作模板\01_算法获奖论文(按算法)\线性规划\基于广义乘子法的月球软着陆轨道快速优化设计.pdf,4705,是,cache
算法写作模板\01_算法获奖论文(按算法)\线性规划\投资组合与模糊规划模型.pdf,2419,是,cache
算法写作模板\01_算法获奖论文(按算法)\线性规划\电力市场的输电阻塞管理(1).pdf,4448,是,cache
算法写作模板\01_算法获奖论文(按算法)\线性规划\电力市场输电阻塞管理模型(特等奖).pdf,9071,是,cache
算法写作模板\01_算法获奖论文(按算法)\线性规划\管道订购和运输.pdf,1803,否,cache
算法写作模板\01_算法获奖论文(按算法)\线性规划\血管管道的三维重建.pdf,5179,是,cache
算法写作模板\01_算法获奖论文(按算法)\线性规划\车灯线光源的优化设计方案 (2).pdf,3900,是,cache
算法写作模板\01_算法获奖论文(按算法)\线性规划\车灯线光源的优化设计方案.pdf,3900,是,cache
算法写作模板\01_算法获奖论文(按算法)\线性规划\钢管的订购和运输.pdf,3841,是,cache
算法写作模板\01_算法获奖论文(按算法)\线性规划\零件的参数设计(1).pdf,3814,是,cache
算法写作模板\01_算法获奖论文(按算法)\线性规划\露天矿生产的车辆安排(1).pdf,3157,是,cache
算法写作模板\01_算法获奖论文(按算法)\线性规划\露天矿生产的车辆安排.pdf,3506,是,cache
算法写作模板\01_算法获奖论文(按算法)\线性规划\露天矿生产车辆安排计划优化设计.pdf,5260,是,cache
算法写作模板\01_算法获奖论文(按算法)\线性规划\风险投资组合的线性规划模型.pdf,2076,是,cache
算法写作模板\01_算法获奖论文(按算法)\线性规划\高校学费合理性研究.pdf,8054,是,cache
算法写作模板\01_算法获奖论文(按算法)\线性规划\高等教育学费标准探讨的最优化模型  (2).pdf,8054,是,cache
算法写作模板\01_算法获奖论文(按算法)\线性规划\高等教育学费标准探讨的最优化模型 .pdf,8054,是,cache
算法写作模板\01_算法获奖论文(按算法)\聚类模型\[2017年国赛高教杯奖B题]华中科技大学-基于聚类分析的双目标优化定价模型.pdf,17469,是,cache
算法写作模板\01_算法获奖论文(按算法)\聚类模型\[2018C基于 RFMT 模型的百货商场会员画像描绘].pdf,12971,是,cache
算法写作模板\01_算法获奖论文(按算法)\聚类模型\[2018C大型百货商场会员画像描述].pdf,6627,是,cache
算法写作模板\01_算法获奖论文(按算法)\聚类模型\“拍照赚钱”的任务定价 第三篇.pdf,1886,否,cache
算法写作模板\01_算法获奖论文(按算法)\聚类模型\“拍照赚钱”的任务定价 第二篇.pdf,6830,是,cache
算法写作模板\01_算法获奖论文(按算法)\聚类模型\“拍照赚钱”的任务定价第四篇.pdf,944,否,cache
算法写作模板\01_算法获奖论文(按算法)\聚类模型\“拍照赚钱”的定价分析第一篇 .pdf,4671,是,cache
算法写作模板\01_算法获奖论文(按算法)\聚类模型\基于聚类分析的双目标优化定价模型.pdf,17469,是,cache
算法写作模板\01_算法获奖论文(按算法)\聚类模型\奥运会临时超市网点的设计.pdf,11449,是,cache
算法写作模板\01_算法获奖论文(按算法)\聚类模型\考虑时空效率的任务匹配定价模型与算法 .pdf,1731,否,cache
算法写作模板\01_算法获奖论文(按算法)\蒙特卡洛模拟\2010年数学建模A题全国一等奖论文储油罐的变位识别与罐容表标定.pdf,7051,是,cache
算法写作模板\01_算法获奖论文(按算法)\蒙特卡洛模拟\[2018B基于多原则比较和蒙特卡洛模拟的 RGV 动态调度模型].pdf,12713,是,cache
算法写作模板\01_算法获奖论文(按算法)\蒙特卡洛模拟\A092.pdf,17507,是,cache
算法写作模板\01_算法获奖论文(按算法)\蒙特卡洛模拟\基于 Monte-Carlo 随机模拟算法的 2048 游戏 AI .pdf,6446,是,cache
算法写作模板\01_算法获奖论文(按算法)\蒙特卡洛模拟\基于蒙特卡洛模拟的眼科病床安排排队模型 .pdf,8293,是,cache
算法写作模板\01_算法获奖论文(按算法)\蒙特卡洛模拟\血管管道的三维重建 (2).pdf,5176,是,cache
算法写作模板\01_算法获奖论文(按算法)\蒙特卡洛模拟\血管管道的三维重建.pdf,5164,是,cache
算法写作模板\01_算法获奖论文(按算法)\蒙特卡洛模拟\零件的参数设计.pdf,3814,是,cache
算法写作模板\01_算法获奖论文(按算法)\蚁群算法\一等奖A题城市相邻两交叉口信号配时优化问题_山东理工大学_胡展_尹金风_曹婷婷.pdf,9800,是,cache
算法写作模板\01_算法获奖论文(按算法)\蚁群算法\基于聚类分析的双目标优化定价模型.pdf,17469,是,cache
算法写作模板\01_算法获奖论文(按算法)\蚁群算法\最佳旅游路线的选择模型.pdf,7934,是,cache
算法写作模板\01_算法获奖论文(按算法)\蚁群算法\西南交通大学二等奖B车位分布的优化设计与评价.pdf,8636,是,cache
算法写作模板\01_算法获奖论文(按算法)\逐步回归\1肥方案对作物_蔬菜的影响.pdf,3813,是,cache
算法写作模板\01_算法获奖论文(按算法)\逐步回归\2012年数学建模A题一等奖论文.pdf,16275,是,cache
算法写作模板\01_算法获奖论文(按算法)\逐步回归\施肥方案对作物_蔬菜的影响.pdf,3813,是,cache
算法写作模板\01_算法获奖论文(按算法)\逻辑回归\[2011年国赛MATLAB创新奖C题]九江学院-企业退休职工养老金模型.pdf,4338,是,cache
算法写作模板\01_算法获奖论文(按算法)\逻辑回归\一等奖C题_基于SVM的评价垃圾识别研究.pdf,915,否,cache
算法写作模板\01_算法获奖论文(按算法)\逻辑回归\公司业务数据分析.pdf,8702,是,cache
算法写作模板\01_算法获奖论文(按算法)\逻辑回归\基于粗糙集改进的决策树手机精准营销模型.pdf,16993,是,cache
算法写作模板\01_算法获奖论文(按算法)\逻辑回归\测控SARS流行趋势的优化模型.pdf,6957,是,cache
算法写作模板\01_算法获奖论文(按算法)\逻辑回归\高等教育学费标准的探讨.pdf,18552,是,cache
算法写作模板\01_算法获奖论文(按算法)\遗传算法\[2016年国赛高教杯奖A题]东南大学-系泊系统的设计.pdf,10581,是,cache
算法写作模板\01_算法获奖论文(按算法)\遗传算法\[2018BRGV 的动态调度优化问题].pdf,10755,是,cache
算法写作模板\01_算法获奖论文(按算法)\遗传算法\[2018D汽车总装线配置的优化模型研究].pdf,9812,是,cache
算法写作模板\01_算法获奖论文(按算法)\遗传算法\A1053 重庆大学 张阳阳 小组基于改进的神经网络和混沌时间序列.pdf,16000,是,cache
算法写作模板\01_算法获奖论文(按算法)\遗传算法\一等奖A题城市相邻两交叉口信号配时优化 _山东理工大学_刘继国_宋向宇_苏利娟.pdf,16070,是,cache
算法写作模板\01_算法获奖论文(按算法)\遗传算法\一等奖A题基于群智能算法的改进 WebsterWebsterWebsterWebsterWebsterWebsterWebster交_中国石油大学（北京）_文豪_徐建平.pdf,13169,是,cache
算法写作模板\01_算法获奖论文(按算法)\遗传算法\一等奖A题基于群智能算法的改进Webster 交通信号配时优化模型 _中国石油大学（北京）_文豪_徐建平.pdf,13169,是,cache
算法写作模板\01_算法获奖论文(按算法)\遗传算法\一等奖A题基于遗传算法的城市两相邻交叉口协调控制优化方案 _安徽财经大学_李东玲_杜文好_张杰.pdf,9412,是,cache
算法写作模板\01_算法获奖论文(按算法)\遗传算法\华中农大特等奖淡水养殖池塘水华发生及池水自净化研究 .pdf,14457,是,cache
算法写作模板\01_算法获奖论文(按算法)\遗传算法\基于改进的神经网络和混沌时间序列预测控制高炉炼铁过程.pdf,13979,是,cache
算法写作模板\01_算法获奖论文(按算法)\遗传算法\基于自适应模拟退火遗传算法的月球软着陆轨道优化.pdf,5753,是,cache
算法写作模板\01_算法获奖论文(按算法)\遗传算法\基于蚁群算法的月球软着陆轨迹优化.pdf,5647,是,cache
算法写作模板\01_算法获奖论文(按算法)\遗传算法\家庭暑假旅游套餐的设计.pdf,13339,是,cache
算法写作模板\01_算法获奖论文(按算法)\遗传算法\手机语音识别技术的设计与实现 .pdf,21895,是,cache
算法写作模板\01_算法获奖论文(按算法)\遗传算法\月球探测器软着陆的最优控制.pdf,2334,是,cache
算法写作模板\01_算法获奖论文(按算法)\遗传算法\特等奖A题_基于多目标优化相邻两交叉口信号配时研究 南昌大学_顾秀秀_高军_刘文锋.pdf,16077,是,cache
算法写作模板\01_算法获奖论文(按算法)\遗传算法\登月飞行器软着陆轨道的遗传算法优化.pdf,3245,是,cache
算法写作模板\01_算法获奖论文(按算法)\遗传算法\车道被占用对城市道路通行能力的影响 .pdf,14704,是,cache
算法写作模板\01_算法获奖论文(按算法)\马尔科夫模型\2009全国大学生数学建模A题医院病床合理安排模型探讨 .pdf,8770,是,cache
算法写作模板\01_算法获奖论文(按算法)\马尔科夫模型\2018C大型百货商场会员画像描述.pdf,6627,是,cache
算法写作模板\01_算法获奖论文(按算法)\马尔科夫模型\语音识别技术的应用.pdf,8710,是,cache
